 ,Label,Area,Circ.,Feret,FeretX,FeretY,FeretAngle,MinFeret,AR,Round,Solidity
1,Fibers,2496,0.163,80.994,239,205,57.095,60.400,1.163,0.860,0.714
2,Fibers,53,0.213,15.524,299,157,165.069,13.370,1.103,0.906,0.390
3,Fibers,17,0.259,9.487,231,174,161.565,4.000,2.364,0.423,0.630
4,Fibers,15,0.289,11.045,302,175,174.806,3.000,4.191,0.239,0.577
5,Fibers,19,0.265,7.280,234,183,105.945,6.000,1.203,0.831,0.559
6,Fragments,5,0.536,5.099,65,21,101.310,1.000,5.000,0.200,1.000
7,Fragments,7,0.314,6.708,336,25,26.565,2.910,2.693,0.371,0.500
8,Fragments,22,0.324,12.166,263,53,170.538,4.000,3.281,0.305,0.611
9,Fragments,5,0.536,5.099,79,60,101.310,1.000,5.000,0.200,1.000
10,Fragments,137,0.421,26.926,241,119,21.801,8.854,3.263,0.306,0.833
11,Fragments,5,0.536,5.099,224,124,101.310,1.000,5.000,0.200,1.000
12,Fragments,5,0.599,5.099,280,134,168.690,1.000,5.000,0.200,1.000
13,Fragments,60,0.404,16.125,94,143,29.745,9.700,1.564,0.639,0.594
14,Fragments,14,0.409,9.487,252,146,18.435,3.000,2.876,0.348,0.636
15,Fragments,4,0.539,4.472,87,153,116.565,1.789,3.493,0.286,0.667
16,Fragments,7,0.400,7.071,91,155,98.130,1.000,7.000,0.143,1.000
17,Fragments,7,0.564,5.385,316,169,68.199,2.910,2.399,0.417,0.636
18,Fragments,7,0.496,4.472,311,166,153.435,3.000,1.499,0.667,0.636
19,Fragments,5,0.513,5.000,221,192,143.130,2.496,2.605,0.384,0.588
20,Fragments,14,0.409,8.062,230,208,29.745,4.000,2.284,0.438,0.583
21,Fragments,7,0.564,5.831,297,206,149.036,2.683,2.927,0.342,0.636
22,Fragments,15,0.537,6.325,230,210,161.565,4.000,1.523,0.657,0.750
23,Fragments,8,0.520,6.325,239,219,161.565,2.425,3.412,0.293,0.640
24,Fragments,12,0.325,6.708,216,226,63.435,5.692,1.133,0.883,0.500
25,Fragments,71,0.438,13.454,278,296,131.987,10.000,1.126,0.888,0.706
26,Fragments,85,0.346,15.652,293,312,26.565,11.384,1.245,0.803,0.685
27,Particles,3,0.809,3.162,135,1,108.435,1.000,3.000,0.333,1.000
28,Particles,5,0.674,4.472,101,4,153.435,2.000,2.749,0.364,0.769
29,Particles,3,0.967,3.162,325,4,161.565,1.000,3.000,0.333,1.000
30,Particles,4,0.857,3.606,245,7,33.690,2.000,2.000,0.500,0.800
31,Particles,4,1.000,2.828,380,5,135.000,2.000,1.000,1.000,1.000
32,Particles,3,1.000,2.828,42,9,45.000,2.000,1.464,0.683,0.857
33,Particles,3,0.754,3.606,46,7,146.310,1.789,2.702,0.370,0.667
34,Particles,3,1.000,2.828,82,8,135.000,2.000,1.464,0.683,0.857
35,Particles,3,0.967,3.162,32,9,161.565,1.000,3.000,0.333,1.000
36,Particles,3,1.000,2.828,86,10,135.000,2.000,1.464,0.683,0.857
37,Particles,4,0.740,4.123,80,12,165.964,1.000,4.000,0.250,1.000
38,Particles,3,0.809,3.162,151,13,108.435,1.000,3.000,0.333,1.000
39,Particles,4,0.857,3.606,126,17,56.310,2.000,2.000,0.500,0.800
40,Particles,4,0.698,3.606,111,15,123.690,2.683,1.581,0.632,0.615
41,Particles,3,0.967,3.162,58,16,161.565,1.000,3.000,0.333,1.000
42,Particles,6,1.000,3.606,148,16,123.690,2.000,1.500,0.667,1.000
43,Particles,3,0.967,3.162,163,16,161.565,1.000,3.000,0.333,1.000
44,Particles,4,0.740,4.123,28,17,165.964,1.000,4.000,0.250,1.000
45,Particles,3,1.000,2.828,142,19,45.000,2.000,1.464,0.683,0.857
46,Particles,3,0.967,3.162,469,17,161.565,1.000,3.000,0.333,1.000
47,Particles,3,0.967,3.162,77,22,161.565,1.000,3.000,0.333,1.000
48,Particles,3,0.809,3.162,388,24,108.435,1.000,3.000,0.333,1.000
49,Particles,3,0.967,3.162,91,27,161.565,1.000,3.000,0.333,1.000
50,Particles,5,0.764,4.472,140,29,26.565,2.000,2.610,0.383,0.769
51,Particles,3,0.754,3.606,191,32,33.690,1.789,2.702,0.370,0.667
52,Particles,3,1.000,2.828,2,34,45.000,2.000,1.464,0.683,0.857
53,Particles,3,0.967,3.162,347,32,161.565,1.000,3.000,0.333,1.000
54,Particles,4,1.000,2.828,490,32,135.000,2.000,1.000,1.000,1.000
55,Particles,4,0.857,3.606,256,33,146.310,2.000,2.000,0.500,0.800
56,Particles,4,0.645,4.123,120,36,104.036,1.000,4.000,0.250,1.000
57,Particles,3,0.643,3.606,72,42,56.310,1.789,2.702,0.370,0.667
58,Particles,3,0.809,3.162,48,41,108.435,1.000,3.000,0.333,1.000
59,Particles,4,0.740,4.123,169,41,165.964,1.000,4.000,0.250,1.000
60,Particles,3,1.000,2.828,132,48,45.000,2.000,1.464,0.683,0.857
61,Particles,3,1.000,2.828,121,49,45.000,2.000,1.464,0.683,0.857
62,Particles,3,0.967,3.162,169,47,161.565,1.000,3.000,0.333,1.000
63,Particles,3,1.000,2.828,118,49,135.000,2.000,1.464,0.683,0.857
64,Particles,3,1.000,2.828,136,53,45.000,2.000,1.464,0.683,0.857
65,Particles,4,0.857,3.606,9,55,146.310,2.000,2.000,0.500,0.800
66,Particles,3,0.754,3.606,158,55,146.310,1.789,2.702,0.370,0.667
67,Particles,4,0.740,4.123,38,76,165.964,1.000,4.000,0.250,1.000
68,Particles,3,0.967,3.162,165,80,161.565,1.000,3.000,0.333,1.000
69,Particles,3,0.809,3.162,263,80,108.435,1.000,3.000,0.333,1.000
70,Particles,3,1.000,2.828,184,82,135.000,2.000,1.464,0.683,0.857
71,Particles,4,1.000,2.828,278,106,135.000,2.000,1.000,1.000,1.000
72,Particles,3,0.809,3.162,37,112,108.435,1.000,3.000,0.333,1.000
73,Particles,3,0.967,3.162,20,120,161.565,1.000,3.000,0.333,1.000
74,Particles,4,0.857,3.606,227,127,56.310,2.000,2.000,0.500,0.800
75,Particles,4,1.000,2.828,220,125,135.000,2.000,1.000,1.000,1.000
76,Particles,3,1.000,2.828,21,127,135.000,2.000,1.464,0.683,0.857
77,Particles,3,1.000,2.828,63,131,45.000,2.000,1.464,0.683,0.857
78,Particles,3,0.967,3.162,88,129,161.565,1.000,3.000,0.333,1.000
79,Particles,3,1.000,2.828,98,132,45.000,2.000,1.464,0.683,0.857
80,Particles,3,0.754,3.606,103,131,146.310,1.789,2.702,0.370,0.667
81,Particles,4,1.000,2.828,267,131,135.000,2.000,1.000,1.000,1.000
82,Particles,7,0.647,5.385,96,135,21.801,2.000,2.982,0.335,0.824
83,Particles,3,1.000,2.828,210,135,135.000,2.000,1.464,0.683,0.857
84,Particles,3,0.754,3.606,268,137,33.690,1.789,2.702,0.370,0.667
85,Particles,3,0.967,3.162,88,136,161.565,1.000,3.000,0.333,1.000
86,Particles,3,0.809,3.162,254,139,108.435,1.000,3.000,0.333,1.000
87,Particles,4,1.000,2.828,246,141,135.000,2.000,1.000,1.000,1.000
88,Particles,5,0.764,3.606,265,142,123.690,2.000,1.653,0.605,0.833
89,Particles,5,0.873,4.243,248,146,45.000,2.121,2.308,0.433,0.769
90,Particles,8,0.820,4.472,92,146,153.435,3.000,1.540,0.649,0.800
91,Particles,4,0.857,3.606,98,145,123.690,2.000,2.031,0.492,0.800
92,Particles,5,1.000,3.606,296,153,146.310,2.000,1.553,0.644,0.909
93,Particles,5,1.000,3.606,300,153,146.310,2.000,1.553,0.644,0.909
94,Particles,4,1.000,2.828,38,155,135.000,2.000,1.000,1.000,1.000
95,Particles,3,1.000,2.828,296,158,45.000,2.000,1.464,0.683,0.857
96,Particles,6,0.615,5.099,304,158,168.690,2.000,3.003,0.333,0.750
97,Particles,3,1.000,2.828,42,158,135.000,2.000,1.464,0.683,0.857
98,Particles,3,1.000,2.828,55,161,45.000,2.000,1.464,0.683,0.857
99,Particles,3,0.754,3.606,53,169,33.690,1.789,2.702,0.370,0.667
100,Particles,3,1.000,2.828,324,171,45.000,2.000,1.464,0.683,0.857
101,Particles,5,0.674,4.472,237,173,26.565,2.000,2.749,0.364,0.769
102,Particles,3,0.967,3.162,354,175,161.565,1.000,3.000,0.333,1.000
103,Particles,3,1.000,2.828,228,178,45.000,2.000,1.464,0.683,0.857
104,Particles,3,0.967,3.162,316,176,161.565,1.000,3.000,0.333,1.000
105,Particles,3,0.967,3.162,320,176,161.565,1.000,3.000,0.333,1.000
106,Particles,6,0.809,4.472,306,181,26.565,2.000,2.237,0.447,0.857
107,Particles,4,1.000,3.162,313,180,161.565,2.000,1.468,0.681,0.800
108,Particles,5,1.000,3.606,317,181,33.690,2.000,1.553,0.644,0.909
109,Particles,4,1.000,2.828,238,180,135.000,2.000,1.000,1.000,1.000
110,Particles,4,0.611,4.243,303,180,135.000,2.121,2.530,0.395,0.615
111,Particles,4,0.645,4.123,401,180,104.036,1.000,4.000,0.250,1.000
112,Particles,3,0.809,3.162,327,181,108.435,1.000,3.000,0.333,1.000
113,Particles,4,0.740,4.123,222,183,165.964,1.000,4.000,0.250,1.000
114,Particles,4,1.000,3.606,342,185,33.690,2.000,2.031,0.492,0.800
115,Particles,4,0.740,4.123,308,185,165.964,1.000,4.000,0.250,1.000
116,Particles,4,1.000,2.828,238,186,135.000,2.000,1.000,1.000,1.000
117,Particles,3,0.967,3.162,304,188,161.565,1.000,3.000,0.333,1.000
118,Particles,4,0.740,4.123,228,190,165.964,1.000,4.000,0.250,1.000
119,Particles,3,1.000,2.828,207,191,135.000,2.000,1.464,0.683,0.857
120,Particles,3,1.000,2.828,216,194,45.000,2.000,1.464,0.683,0.857
121,Particles,4,0.740,4.123,290,192,165.964,1.000,4.000,0.250,1.000
122,Particles,4,1.000,2.828,297,192,135.000,2.000,1.000,1.000,1.000
123,Particles,5,1.000,3.606,301,195,56.310,2.000,1.553,0.644,0.909
124,Particles,4,1.000,3.162,252,198,161.565,2.000,1.468,0.681,0.800
125,Particles,5,1.000,3.606,234,198,146.310,2.000,1.553,0.644,0.909
126,Particles,3,1.000,2.828,224,202,45.000,2.000,1.464,0.683,0.857
127,Particles,4,1.000,2.828,276,200,135.000,2.000,1.000,1.000,1.000
128,Particles,5,1.000,3.606,284,200,146.310,2.000,1.553,0.644,0.909
129,Particles,3,0.809,3.162,216,203,108.435,1.000,3.000,0.333,1.000
130,Particles,9,0.923,5.000,276,203,143.130,3.000,1.758,0.569,0.857
131,Particles,3,0.809,3.162,220,206,108.435,1.000,3.000,0.333,1.000
132,Particles,4,1.000,2.828,239,206,135.000,2.000,1.000,1.000,1.000
133,Particles,3,0.809,3.162,256,206,108.435,1.000,3.000,0.333,1.000
134,Particles,5,0.764,4.472,215,210,26.565,2.000,2.749,0.364,0.769
135,Particles,5,0.764,4.243,223,211,45.000,2.828,1.727,0.579,0.714
136,Particles,4,0.645,4.123,264,208,104.036,1.000,4.000,0.250,1.000
137,Particles,4,0.645,4.123,267,208,104.036,1.000,4.000,0.250,1.000
138,Particles,3,1.000,2.828,291,210,45.000,2.000,1.464,0.683,0.857
139,Particles,3,0.967,3.162,355,208,161.565,1.000,3.000,0.333,1.000
140,Particles,3,1.000,2.828,78,212,45.000,2.000,1.464,0.683,0.857
141,Particles,4,0.857,3.606,240,210,123.690,2.000,2.031,0.492,0.800
142,Particles,3,1.000,2.828,141,211,135.000,2.000,1.464,0.683,0.857
143,Particles,3,0.643,3.606,220,211,123.690,1.789,2.702,0.370,0.667
144,Particles,3,0.809,3.162,248,211,108.435,1.000,3.000,0.333,1.000
145,Particles,4,1.000,3.606,307,213,33.690,2.000,2.000,0.500,0.800
146,Particles,3,1.000,2.828,323,213,45.000,2.000,1.464,0.683,0.857
147,Particles,4,1.000,3.606,202,217,33.690,2.000,2.031,0.492,0.800
148,Particles,4,0.611,4.472,236,215,153.435,1.897,3.093,0.323,0.667
149,Particles,3,0.643,3.606,273,215,123.690,1.789,2.702,0.370,0.667
150,Particles,3,0.967,3.162,112,216,161.565,1.000,3.000,0.333,1.000
151,Particles,3,0.967,3.162,326,216,161.565,1.000,3.000,0.333,1.000
152,Particles,3,1.000,2.828,178,219,135.000,2.000,1.464,0.683,0.857
153,Particles,5,0.674,4.472,287,219,153.435,2.000,2.749,0.364,0.769
154,Particles,3,1.000,2.828,278,220,135.000,2.000,1.464,0.683,0.857
155,Particles,3,1.000,2.828,38,225,45.000,2.000,1.464,0.683,0.857
156,Particles,3,0.754,3.606,101,225,33.690,1.789,2.702,0.370,0.667
157,Particles,5,0.764,3.606,175,223,146.310,2.000,1.653,0.605,0.833
158,Particles,3,0.809,3.162,180,224,108.435,1.000,3.000,0.333,1.000
159,Particles,7,0.647,5.099,248,224,101.310,2.000,2.423,0.413,0.824
160,Particles,3,1.000,2.828,200,228,45.000,2.000,1.464,0.683,0.857
161,Particles,3,1.000,2.828,250,230,135.000,2.000,1.464,0.683,0.857
162,Particles,3,0.967,3.162,80,231,161.565,1.000,3.000,0.333,1.000
163,Particles,3,1.000,2.828,230,236,135.000,2.000,1.464,0.683,0.857
164,Particles,4,0.857,3.606,120,239,146.310,2.000,2.000,0.500,0.800
165,Particles,3,0.967,3.162,35,247,161.565,1.000,3.000,0.333,1.000
166,Particles,3,1.000,2.828,27,253,45.000,2.000,1.464,0.683,0.857
167,Particles,4,0.740,4.123,145,256,165.964,1.000,4.000,0.250,1.000
168,Particles,3,0.967,3.162,214,264,161.565,1.000,3.000,0.333,1.000
169,Particles,3,1.000,2.828,115,271,45.000,2.000,1.464,0.683,0.857
170,Particles,3,0.809,3.162,276,297,108.435,1.000,3.000,0.333,1.000
171,Particles,3,1.000,2.828,111,301,45.000,2.000,1.464,0.683,0.857
172,Particles,5,1.000,3.606,197,303,146.310,2.000,1.553,0.644,0.909
173,Particles,8,0.914,4.472,330,343,63.435,3.000,1.308,0.764,0.800
174,Particles,3,0.809,3.162,327,342,108.435,1.000,3.000,0.333,1.000
175,Fibers,52,0.265,13.038,95,144,57.529,9.000,1.610,0.621,0.568
176,Fibers,2493,0.141,78.549,235,193,21.666,61.400,1.222,0.819,0.718
177,Fibers,9,0.286,7.211,238,200,146.310,4.287,1.968,0.508,0.450
178,Fragments,5,0.444,5.831,85,18,30.964,2.236,3.669,0.273,0.556
179,Fragments,5,0.513,5.000,85,32,143.130,2.496,2.605,0.384,0.588
180,Fragments,150,0.333,29.069,242,120,26.565,10.357,2.975,0.336,0.701
181,Fragments,6,0.532,5.000,102,137,36.870,2.846,1.941,0.515,0.632
182,Fragments,7,0.515,6.325,279,141,18.435,2.000,4.378,0.228,0.737
183,Fragments,17,0.385,9.220,92,142,139.399,4.919,2.058,0.486,0.557
184,Fragments,10,0.310,7.280,253,142,164.055,3.000,2.521,0.397,0.526
185,Fragments,4,0.539,4.472,84,158,116.565,1.789,3.493,0.286,0.667
186,Fragments,5,0.572,4.472,311,169,63.435,2.683,2.165,0.462,0.588
187,Fragments,8,0.520,5.385,239,171,68.199,3.795,1.507,0.663,0.593
188,Fragments,10,0.553,7.280,308,183,15.945,2.000,3.688,0.271,0.833
189,Fragments,5,0.599,5.099,65,184,168.690,1.000,5.000,0.200,1.000
190,Fragments,13,0.427,8.062,232,184,150.255,3.638,2.818,0.355,0.619
191,Fragments,4,0.513,4.123,216,200,165.964,2.000,2.000,0.500,0.571
192,Fragments,12,0.555,7.616,235,213,66.801,2.910,3.235,0.309,0.750
193,Fragments,9,0.482,6.708,277,212,63.435,2.846,3.045,0.328,0.643
194,Fragments,6,0.484,5.831,126,210,30.964,2.683,2.892,0.346,0.571
195,Fragments,5,0.536,5.099,272,210,101.310,1.000,5.000,0.200,1.000
196,Fragments,5,0.572,4.472,294,224,26.565,2.683,2.165,0.462,0.588
197,Fragments,5,0.513,5.385,28,242,21.801,1.940,3.678,0.272,0.667
198,Fragments,5,0.599,5.099,152,248,168.690,1.000,5.000,0.200,1.000
199,Fragments,94,0.587,13.892,276,298,149.744,11.000,1.245,0.803,0.807
200,Particles,3,0.809,3.162,56,3,108.435,1.000,3.000,0.333,1.000
201,Particles,9,0.662,6.325,88,3,161.565,2.000,3.003,0.333,0.857
202,Particles,3,0.643,3.606,7,5,123.690,1.789,2.702,0.370,0.667
203,Particles,3,0.809,3.162,31,5,108.435,1.000,3.000,0.333,1.000
204,Particles,5,0.674,4.472,63,6,153.435,2.000,2.749,0.364,0.769
205,Particles,3,0.643,3.606,80,6,123.690,1.789,2.702,0.370,0.667
206,Particles,3,0.754,3.606,85,7,146.310,1.789,2.702,0.370,0.667
207,Particles,3,1.000,2.828,126,7,135.000,2.000,1.464,0.683,0.857
208,Particles,3,0.967,3.162,130,8,161.565,1.000,3.000,0.333,1.000
209,Particles,3,0.809,3.162,135,8,108.435,1.000,3.000,0.333,1.000
210,Particles,3,0.967,3.162,26,9,161.565,1.000,3.000,0.333,1.000
211,Particles,4,1.000,2.828,38,10,135.000,2.000,1.000,1.000,1.000
212,Particles,4,0.857,3.606,84,12,123.690,2.000,2.000,0.500,0.800
213,Particles,5,0.764,3.606,336,13,146.310,2.000,1.653,0.605,0.833
214,Particles,3,0.809,3.162,117,15,108.435,1.000,3.000,0.333,1.000
215,Particles,5,1.000,3.606,150,18,33.690,2.000,1.553,0.644,0.909
216,Particles,4,1.000,2.828,8,19,135.000,2.000,1.000,1.000,1.000
217,Particles,3,1.000,2.828,155,19,135.000,2.000,1.464,0.683,0.857
218,Particles,3,1.000,2.828,151,22,135.000,2.000,1.464,0.683,0.857
219,Particles,5,1.000,3.606,77,23,146.310,2.000,1.553,0.644,0.909
220,Particles,3,0.643,3.606,159,24,123.690,1.789,2.702,0.370,0.667
221,Particles,5,1.000,3.606,165,26,33.690,2.000,1.553,0.644,0.909
222,Particles,3,1.000,2.828,66,25,135.000,2.000,1.464,0.683,0.857
223,Particles,4,1.000,2.828,112,29,135.000,2.000,1.000,1.000,1.000
224,Particles,3,1.000,2.828,202,33,45.000,2.000,1.464,0.683,0.857
225,Particles,4,0.611,4.472,424,31,153.435,1.897,3.093,0.323,0.667
226,Particles,4,0.740,4.123,255,32,165.964,1.000,4.000,0.250,1.000
227,Particles,3,1.000,2.828,322,32,135.000,2.000,1.464,0.683,0.857
228,Particles,3,1.000,2.828,214,34,135.000,2.000,1.464,0.683,0.857
229,Particles,3,1.000,2.828,117,35,135.000,2.000,1.464,0.683,0.857
230,Particles,4,0.645,4.123,38,37,104.036,1.000,4.000,0.250,1.000
231,Particles,3,0.967,3.162,45,44,161.565,1.000,3.000,0.333,1.000
232,Particles,3,0.967,3.162,157,44,161.565,1.000,3.000,0.333,1.000
233,Particles,3,0.967,3.162,122,46,161.565,1.000,3.000,0.333,1.000
234,Particles,4,0.857,3.606,301,47,146.310,2.000,2.000,0.500,0.800
235,Particles,9,0.726,5.385,296,49,158.199,2.000,2.580,0.388,0.900
236,Particles,3,0.809,3.162,7,50,108.435,1.000,3.000,0.333,1.000
237,Particles,3,1.000,2.828,3,51,135.000,2.000,1.464,0.683,0.857
238,Particles,16,0.795,6.708,266,52,153.435,4.000,1.428,0.700,0.800
239,Particles,3,1.000,2.828,122,54,45.000,2.000,1.464,0.683,0.857
240,Particles,4,1.000,2.828,263,52,135.000,2.000,1.000,1.000,1.000
241,Particles,4,1.000,3.606,280,54,33.690,2.000,2.031,0.492,0.800
242,Particles,3,0.967,3.162,261,56,161.565,1.000,3.000,0.333,1.000
243,Particles,3,1.000,2.828,89,60,45.000,2.000,1.464,0.683,0.857
244,Particles,4,0.857,3.606,472,63,146.310,2.000,2.000,0.500,0.800
245,Particles,3,0.967,3.162,189,65,161.565,1.000,3.000,0.333,1.000
246,Particles,3,0.967,3.162,58,66,161.565,1.000,3.000,0.333,1.000
247,Particles,3,0.754,3.606,7,106,33.690,1.789,2.702,0.370,0.667
248,Particles,7,0.621,5.385,232,121,21.801,2.000,2.658,0.376,0.778
249,Particles,7,0.800,4.472,226,125,153.435,2.000,2.123,0.471,0.875
250,Particles,3,0.967,3.162,232,126,161.565,1.000,3.000,0.333,1.000
251,Particles,4,0.611,4.472,168,127,153.435,1.897,3.093,0.323,0.667
252,Particles,3,0.967,3.162,224,128,161.565,1.000,3.000,0.333,1.000
253,Particles,3,1.000,2.828,76,132,135.000,2.000,1.464,0.683,0.857
254,Particles,3,1.000,2.828,282,135,45.000,2.000,1.464,0.683,0.857
255,Particles,3,1.000,2.828,75,135,135.000,2.000,1.464,0.683,0.857
256,Particles,6,0.809,4.472,94,140,63.435,2.000,2.082,0.480,0.857
257,Particles,4,0.857,3.606,266,144,56.310,2.000,2.031,0.492,0.800
258,Particles,5,0.873,4.243,271,144,45.000,2.683,1.882,0.531,0.714
259,Particles,3,1.000,2.828,283,142,135.000,2.000,1.464,0.683,0.857
260,Particles,3,1.000,2.828,308,150,135.000,2.000,1.464,0.683,0.857
261,Particles,3,0.967,3.162,314,151,161.565,1.000,3.000,0.333,1.000
262,Particles,3,0.967,3.162,183,152,161.565,1.000,3.000,0.333,1.000
263,Particles,4,1.000,2.828,298,152,135.000,2.000,1.000,1.000,1.000
264,Particles,3,0.967,3.162,365,152,161.565,1.000,3.000,0.333,1.000
265,Particles,3,0.809,3.162,291,154,108.435,1.000,3.000,0.333,1.000
266,Particles,4,1.000,3.162,44,155,161.565,2.000,1.468,0.681,0.800
267,Particles,4,1.000,3.162,17,158,161.565,2.000,1.468,0.681,0.800
268,Particles,5,1.000,3.606,87,160,33.690,2.000,1.553,0.644,0.909
269,Particles,3,0.643,3.606,80,159,123.690,1.789,2.702,0.370,0.667
270,Particles,3,0.967,3.162,333,160,161.565,1.000,3.000,0.333,1.000
271,Particles,3,1.000,2.828,236,161,135.000,2.000,1.464,0.683,0.857
272,Particles,6,1.000,3.606,229,165,146.310,2.000,1.500,0.667,1.000
273,Particles,3,0.754,3.606,358,168,33.690,1.789,2.702,0.370,0.667
274,Particles,8,0.710,5.657,234,171,135.000,3.051,2.310,0.433,0.696
275,Particles,3,0.967,3.162,341,177,161.565,1.000,3.000,0.333,1.000
276,Particles,4,1.000,2.828,318,180,135.000,2.000,1.000,1.000,1.000
277,Particles,3,1.000,2.828,344,181,135.000,2.000,1.464,0.683,0.857
278,Particles,4,1.000,2.828,34,182,135.000,2.000,1.000,1.000,1.000
279,Particles,3,0.643,3.606,72,186,56.310,1.789,2.702,0.370,0.667
280,Particles,5,0.641,5.000,330,185,143.130,2.121,3.145,0.318,0.667
281,Particles,4,1.000,2.828,326,186,135.000,2.000,1.000,1.000,1.000
282,Particles,8,0.710,5.385,299,189,21.801,2.000,2.490,0.402,0.842
283,Particles,3,1.000,2.828,233,189,135.000,2.000,1.464,0.683,0.857
284,Particles,3,1.000,2.828,208,190,135.000,2.000,1.464,0.683,0.857
285,Particles,3,0.967,3.162,301,191,161.565,1.000,3.000,0.333,1.000
286,Particles,3,1.000,2.828,340,194,45.000,2.000,1.464,0.683,0.857
287,Particles,4,0.857,3.606,222,193,146.310,2.000,2.000,0.500,0.800
288,Particles,4,0.645,4.123,232,194,104.036,1.000,4.000,0.250,1.000
289,Particles,4,1.000,2.828,278,195,135.000,2.000,1.000,1.000,1.000
290,Particles,3,1.000,2.828,217,198,45.000,2.000,1.464,0.683,0.857
291,Particles,3,1.000,2.828,303,199,135.000,2.000,1.464,0.683,0.857
292,Particles,3,0.967,3.162,293,201,161.565,1.000,3.000,0.333,1.000
293,Particles,10,0.887,5.385,267,205,21.801,3.000,1.690,0.592,0.833
294,Particles,7,0.647,5.099,303,203,101.310,2.000,2.423,0.413,0.824
295,Particles,3,0.967,3.162,215,204,161.565,1.000,3.000,0.333,1.000
296,Particles,4,0.857,3.606,220,206,123.690,2.000,2.031,0.492,0.800
297,Particles,3,0.809,3.162,224,206,108.435,1.000,3.000,0.333,1.000
298,Particles,6,0.809,4.472,232,210,63.435,2.000,2.237,0.447,0.857
299,Particles,3,1.000,2.828,282,206,135.000,2.000,1.464,0.683,0.857
300,Particles,3,1.000,2.828,328,208,45.000,2.000,1.464,0.683,0.857
301,Particles,4,0.740,4.123,358,208,165.964,1.000,4.000,0.250,1.000
302,Particles,3,0.809,3.162,8,209,108.435,1.000,3.000,0.333,1.000
303,Particles,3,1.000,2.828,187,211,45.000,2.000,1.464,0.683,0.857
304,Particles,3,0.967,3.162,215,212,161.565,1.000,3.000,0.333,1.000
305,Particles,4,1.000,3.162,241,215,161.565,2.000,1.468,0.681,0.800
306,Particles,3,0.809,3.162,327,215,108.435,1.000,3.000,0.333,1.000
307,Particles,4,1.000,2.828,122,216,135.000,2.000,1.000,1.000,1.000
308,Particles,4,1.000,2.828,212,216,135.000,2.000,1.000,1.000,1.000
309,Particles,4,1.000,2.828,22,217,135.000,2.000,1.000,1.000,1.000
310,Particles,4,1.000,3.162,272,218,161.565,2.000,1.468,0.681,0.800
311,Particles,4,1.000,2.828,81,219,135.000,2.000,1.000,1.000,1.000
312,Particles,3,1.000,2.828,261,221,45.000,2.000,1.464,0.683,0.857
313,Particles,6,0.809,4.472,218,220,116.565,2.000,2.237,0.447,0.857
314,Particles,3,0.643,3.606,222,220,123.690,1.789,2.702,0.370,0.667
315,Particles,3,0.967,3.162,272,222,161.565,1.000,3.000,0.333,1.000
316,Particles,3,1.000,2.828,177,224,135.000,2.000,1.464,0.683,0.857
317,Particles,4,0.740,4.123,238,225,165.964,1.000,4.000,0.250,1.000
318,Particles,3,1.000,2.828,274,226,135.000,2.000,1.464,0.683,0.857
319,Particles,4,0.645,4.123,272,227,104.036,1.000,4.000,0.250,1.000
320,Particles,4,1.000,2.828,268,228,135.000,2.000,1.000,1.000,1.000
321,Particles,3,1.000,2.828,94,232,135.000,2.000,1.464,0.683,0.857
322,Particles,3,0.754,3.606,23,240,146.310,1.789,2.702,0.370,0.667
323,Particles,3,1.000,2.828,291,243,135.000,2.000,1.464,0.683,0.857
324,Particles,3,1.000,2.828,282,256,135.000,2.000,1.464,0.683,0.857
325,Particles,3,0.967,3.162,233,280,161.565,1.000,3.000,0.333,1.000
326,Particles,4,1.000,2.828,4,281,135.000,2.000,1.000,1.000,1.000
327,Particles,4,1.000,2.828,8,281,135.000,2.000,1.000,1.000,1.000
328,Particles,3,1.000,2.828,142,287,45.000,2.000,1.464,0.683,0.857
329,Particles,3,0.967,3.162,117,295,161.565,1.000,3.000,0.333,1.000
330,Particles,3,1.000,2.828,136,299,45.000,2.000,1.464,0.683,0.857
331,Particles,86,0.622,13.038,295,313,32.471,11.000,1.206,0.829,0.823
332,Particles,3,0.809,3.162,152,324,108.435,1.000,3.000,0.333,1.000
333,Particles,4,1.000,3.162,329,341,161.565,2.000,1.468,0.681,0.800
334,Fibers,29,0.300,11.705,263,55,19.983,5.000,2.443,0.409,0.659
335,Fibers,70,0.170,16.279,95,145,42.510,10.307,1.873,0.534,0.576
336,Fibers,2611,0.120,86.839,234,207,35.154,61.851,1.259,0.794,0.673
337,Fibers,78,0.290,14.213,277,296,129.289,11.000,1.127,0.887,0.672
338,Fragments,5,0.513,5.385,44,4,158.199,1.940,3.678,0.272,0.667
339,Fragments,6,0.441,6.325,42,9,18.435,1.961,4.360,0.229,0.667
340,Fragments,6,0.484,5.385,88,9,21.801,2.000,2.779,0.360,0.632
341,Fragments,5,0.513,5.385,266,110,21.801,1.897,4.051,0.247,0.667
342,Fragments,135,0.378,23.409,242,119,19.983,10.000,2.794,0.358,0.756
343,Fragments,14,0.587,7.616,312,158,23.199,3.000,3.218,0.311,0.778
344,Fragments,5,0.599,5.099,327,160,168.690,1.000,5.000,0.200,1.000
345,Fragments,6,0.532,5.385,325,163,158.199,2.668,2.326,0.430,0.600
346,Fragments,7,0.472,6.325,312,168,161.565,2.000,4.378,0.228,0.737
347,Fragments,10,0.419,7.616,307,183,66.801,3.000,3.253,0.307,0.667
348,Fragments,9,0.539,6.325,304,187,71.565,2.000,3.001,0.333,0.818
349,Fragments,14,0.341,7.810,312,181,129.806,4.950,1.856,0.539,0.549
350,Fragments,7,0.515,5.000,232,183,126.870,3.883,1.384,0.723,0.609
351,Fragments,18,0.472,9.849,232,185,113.962,4.000,2.634,0.380,0.706
352,Fragments,5,0.536,5.099,297,186,101.310,1.000,5.000,0.200,1.000
353,Fragments,6,0.555,5.385,229,191,111.801,2.000,3.550,0.282,0.750
354,Fragments,5,0.536,5.099,227,192,101.310,1.000,5.000,0.200,1.000
355,Fragments,9,0.585,5.831,248,201,120.964,3.000,2.527,0.396,0.692
356,Fragments,7,0.515,6.325,232,211,18.435,2.000,4.378,0.228,0.737
357,Fragments,6,0.555,5.385,263,214,68.199,2.000,3.254,0.307,0.750
358,Fragments,6,0.441,6.325,255,224,18.435,1.961,4.360,0.229,0.667
359,Fragments,6,0.555,5.385,248,229,158.199,2.000,3.550,0.282,0.750
360,Fragments,5,0.536,5.099,221,232,101.310,1.000,5.000,0.200,1.000
361,Fragments,5,0.599,5.099,269,288,168.690,1.000,5.000,0.200,1.000
362,Fragments,6,0.484,4.243,330,345,45.000,3.000,1.251,0.799,0.706
363,Particles,6,1.000,3.606,152,2,123.690,2.000,1.500,0.667,1.000
364,Particles,5,1.000,3.606,72,3,146.310,2.000,1.553,0.644,0.909
365,Particles,5,0.674,4.472,76,3,153.435,2.000,2.749,0.364,0.769
366,Particles,3,1.000,2.828,88,5,45.000,2.000,1.464,0.683,0.857
367,Particles,3,1.000,2.828,186,4,135.000,2.000,1.464,0.683,0.857
368,Particles,6,0.686,4.472,10,5,153.435,2.000,2.335,0.428,0.750
369,Particles,3,0.809,3.162,66,7,108.435,1.000,3.000,0.333,1.000
370,Particles,4,0.857,3.606,82,10,56.310,2.000,2.000,0.500,0.800
371,Particles,3,0.967,3.162,96,7,161.565,1.000,3.000,0.333,1.000
372,Particles,3,0.754,3.606,160,7,146.310,1.789,2.702,0.370,0.667
373,Particles,4,0.645,4.123,7,9,104.036,1.000,4.000,0.250,1.000
374,Particles,4,0.857,3.606,84,12,56.310,2.000,2.000,0.500,0.800
375,Particles,4,0.857,3.606,133,9,146.310,2.000,2.000,0.500,0.800
376,Particles,3,1.000,2.828,80,13,45.000,2.000,1.464,0.683,0.857
377,Particles,3,1.000,2.828,351,12,135.000,2.000,1.464,0.683,0.857
378,Particles,4,1.000,2.828,135,13,135.000,2.000,1.000,1.000,1.000
379,Particles,4,0.740,4.123,211,13,165.964,1.000,4.000,0.250,1.000
380,Particles,3,0.967,3.162,99,16,161.565,1.000,3.000,0.333,1.000
381,Particles,3,0.967,3.162,327,16,161.565,1.000,3.000,0.333,1.000
382,Particles,3,0.809,3.162,342,16,108.435,1.000,3.000,0.333,1.000
383,Particles,4,0.740,4.123,324,20,165.964,1.000,4.000,0.250,1.000
384,Particles,3,1.000,2.828,334,20,135.000,2.000,1.464,0.683,0.857
385,Particles,3,0.967,3.162,94,22,161.565,1.000,3.000,0.333,1.000
386,Particles,3,0.967,3.162,320,22,161.565,1.000,3.000,0.333,1.000
387,Particles,3,0.754,3.606,375,22,146.310,1.789,2.702,0.370,0.667
388,Particles,3,0.967,3.162,263,24,161.565,1.000,3.000,0.333,1.000
389,Particles,3,0.809,3.162,420,29,108.435,1.000,3.000,0.333,1.000
390,Particles,3,1.000,2.828,34,33,45.000,2.000,1.464,0.683,0.857
391,Particles,3,1.000,2.828,80,32,135.000,2.000,1.464,0.683,0.857
392,Particles,4,1.000,2.828,320,33,135.000,2.000,1.000,1.000,1.000
393,Particles,4,0.611,4.243,21,40,45.000,2.121,2.530,0.395,0.615
394,Particles,4,0.740,4.123,23,43,165.964,1.000,4.000,0.250,1.000
395,Particles,3,0.754,3.606,70,44,146.310,1.789,2.702,0.370,0.667
396,Particles,3,0.809,3.162,191,45,108.435,1.000,3.000,0.333,1.000
397,Particles,3,1.000,2.828,70,49,45.000,2.000,1.464,0.683,0.857
398,Particles,3,0.754,3.606,150,48,146.310,1.789,2.702,0.370,0.667
399,Particles,3,0.967,3.162,295,48,161.565,1.000,3.000,0.333,1.000
400,Particles,4,0.857,3.606,61,49,146.310,2.000,2.000,0.500,0.800
401,Particles,3,1.000,2.828,217,59,45.000,2.000,1.464,0.683,0.857
402,Particles,3,0.967,3.162,234,72,161.565,1.000,3.000,0.333,1.000
403,Particles,3,1.000,2.828,171,101,135.000,2.000,1.464,0.683,0.857
404,Particles,4,1.000,2.828,250,106,135.000,2.000,1.000,1.000,1.000
405,Particles,3,1.000,2.828,256,108,45.000,2.000,1.464,0.683,0.857
406,Particles,3,0.643,3.606,224,127,56.310,1.789,2.702,0.370,0.667
407,Particles,3,1.000,2.828,64,125,135.000,2.000,1.464,0.683,0.857
408,Particles,3,0.754,3.606,280,133,146.310,1.789,2.702,0.370,0.667
409,Particles,6,0.809,4.472,285,138,63.435,2.000,2.082,0.480,0.857
410,Particles,3,0.967,3.162,88,140,161.565,1.000,3.000,0.333,1.000
411,Particles,16,0.772,6.708,252,144,26.565,4.000,1.785,0.560,0.780
412,Particles,4,1.000,2.828,270,140,135.000,2.000,1.000,1.000,1.000
413,Particles,3,0.809,3.162,247,144,108.435,1.000,3.000,0.333,1.000
414,Particles,3,1.000,2.828,97,147,135.000,2.000,1.464,0.683,0.857
415,Particles,3,0.809,3.162,240,150,108.435,1.000,3.000,0.333,1.000
416,Particles,3,1.000,2.828,287,153,45.000,2.000,1.464,0.683,0.857
417,Particles,4,0.857,3.606,86,155,56.310,2.000,2.000,0.500,0.800
418,Particles,5,1.000,3.606,293,153,146.310,2.000,1.553,0.644,0.909
419,Particles,3,0.967,3.162,301,153,161.565,1.000,3.000,0.333,1.000
420,Particles,3,0.967,3.162,11,159,161.565,1.000,3.000,0.333,1.000
421,Particles,5,0.764,4.123,320,159,165.964,2.000,2.188,0.457,0.769
422,Particles,3,0.809,3.162,229,161,108.435,1.000,3.000,0.333,1.000
423,Particles,3,1.000,2.828,356,163,45.000,2.000,1.464,0.683,0.857
424,Particles,7,0.647,5.099,314,162,101.310,2.000,2.423,0.413,0.824
425,Particles,5,0.674,4.123,332,163,104.036,2.000,2.188,0.457,0.769
426,Particles,3,0.809,3.162,320,164,108.435,1.000,3.000,0.333,1.000
427,Particles,3,0.809,3.162,7,169,108.435,1.000,3.000,0.333,1.000
428,Particles,3,0.967,3.162,305,169,161.565,1.000,3.000,0.333,1.000
429,Particles,4,1.000,2.828,236,170,135.000,2.000,1.000,1.000,1.000
430,Particles,6,1.000,3.606,308,171,123.690,2.000,1.500,0.667,1.000
431,Particles,3,1.000,2.828,304,174,45.000,2.000,1.464,0.683,0.857
432,Particles,3,1.000,2.828,232,177,45.000,2.000,1.464,0.683,0.857
433,Particles,6,1.000,3.606,346,180,146.310,2.000,1.500,0.667,1.000
434,Particles,4,0.857,3.162,311,185,108.435,2.000,1.468,0.681,0.800
435,Particles,3,0.967,3.162,291,191,161.565,1.000,3.000,0.333,1.000
436,Particles,3,1.000,2.828,334,199,45.000,2.000,1.464,0.683,0.857
437,Particles,5,0.674,4.472,352,197,116.565,2.000,2.610,0.383,0.769
438,Particles,5,0.764,4.472,283,198,153.435,2.000,2.610,0.383,0.769
439,Particles,3,1.000,2.828,214,201,45.000,2.000,1.464,0.683,0.857
440,Particles,3,0.967,3.162,323,199,161.565,1.000,3.000,0.333,1.000
441,Particles,5,0.873,4.243,230,203,45.000,2.683,1.882,0.531,0.714
442,Particles,3,0.967,3.162,253,201,161.565,1.000,3.000,0.333,1.000
443,Particles,3,1.000,2.828,257,203,45.000,2.000,1.464,0.683,0.857
444,Particles,4,0.645,4.123,245,203,104.036,1.000,4.000,0.250,1.000
445,Particles,5,1.000,3.606,252,204,123.690,2.000,1.553,0.644,0.909
446,Particles,4,1.000,2.828,260,204,135.000,2.000,1.000,1.000,1.000
447,Particles,4,1.000,2.828,296,204,135.000,2.000,1.000,1.000,1.000
448,Particles,3,1.000,2.828,294,206,135.000,2.000,1.464,0.683,0.857
449,Particles,3,1.000,2.828,218,210,45.000,2.000,1.464,0.683,0.857
450,Particles,4,1.000,3.606,354,211,33.690,2.000,2.031,0.492,0.800
451,Particles,3,1.000,2.828,234,214,45.000,2.000,1.464,0.683,0.857
452,Particles,9,0.923,5.385,280,212,158.199,2.000,2.386,0.419,0.947
453,Particles,4,1.000,2.828,227,213,135.000,2.000,1.000,1.000,1.000
454,Particles,5,1.000,3.606,265,213,123.690,2.000,1.553,0.644,0.909
455,Particles,3,1.000,2.828,46,215,135.000,2.000,1.464,0.683,0.857
456,Particles,3,1.000,2.828,261,215,135.000,2.000,1.464,0.683,0.857
457,Particles,4,0.857,3.162,251,216,108.435,2.000,1.468,0.681,0.800
458,Particles,5,0.674,4.123,254,216,104.036,2.000,2.188,0.457,0.769
459,Particles,5,0.764,3.606,274,217,146.310,3.000,1.223,0.817,0.714
460,Particles,4,1.000,2.828,228,218,135.000,2.000,1.000,1.000,1.000
461,Particles,3,0.809,3.162,39,221,108.435,1.000,3.000,0.333,1.000
462,Particles,3,0.967,3.162,243,224,161.565,1.000,3.000,0.333,1.000
463,Particles,3,0.967,3.162,338,224,161.565,1.000,3.000,0.333,1.000
464,Particles,3,0.967,3.162,238,227,161.565,1.000,3.000,0.333,1.000
465,Particles,4,1.000,2.828,11,229,135.000,2.000,1.000,1.000,1.000
466,Particles,4,0.740,4.123,292,234,165.964,1.000,4.000,0.250,1.000
467,Particles,3,0.754,3.606,246,241,33.690,1.789,2.702,0.370,0.667
468,Particles,3,0.809,3.162,288,242,108.435,1.000,3.000,0.333,1.000
469,Particles,3,0.809,3.162,170,253,108.435,1.000,3.000,0.333,1.000
470,Particles,3,0.967,3.162,197,263,161.565,1.000,3.000,0.333,1.000
471,Particles,3,0.967,3.162,164,264,161.565,1.000,3.000,0.333,1.000
472,Particles,4,0.645,4.123,240,275,104.036,1.000,4.000,0.250,1.000
473,Particles,6,1.000,3.606,194,277,146.310,2.000,1.500,0.667,1.000
474,Particles,3,1.000,2.828,243,279,45.000,2.000,1.464,0.683,0.857
475,Particles,3,0.967,3.162,4,280,161.565,1.000,3.000,0.333,1.000
476,Particles,3,1.000,2.828,203,283,135.000,2.000,1.464,0.683,0.857
477,Particles,3,1.000,2.828,160,302,45.000,2.000,1.464,0.683,0.857
478,Particles,84,0.607,13.601,294,312,36.027,10.000,1.181,0.847,0.824
479,Particles,3,1.000,2.828,194,305,135.000,2.000,1.464,0.683,0.857
480,Particles,4,1.000,3.162,326,342,161.565,2.000,1.468,0.681,0.800
481,Particles,3,0.643,3.606,152,375,123.690,1.789,2.702,0.370,0.667
482,Fibers,11,0.288,10.198,279,138,11.310,2.000,6.306,0.159,0.667
483,Fibers,2632,0.157,83.487,237,207,34.261,60.732,1.199,0.834,0.710
484,Fragments,5,0.572,4.472,32,7,63.435,2.000,2.165,0.462,0.667
485,Fragments,5,0.536,5.099,127,6,101.310,1.000,5.000,0.200,1.000
486,Fragments,5,0.462,5.385,14,50,68.199,1.897,4.051,0.247,0.667
487,Fragments,28,0.444,11.045,264,55,174.806,5.000,2.219,0.451,0.651
488,Fragments,9,0.521,5.831,278,103,120.964,3.881,1.614,0.619,0.600
489,Fragments,137,0.341,27.295,240,120,28.443,9.839,3.033,0.330,0.701
490,Fragments,65,0.317,15.264,94,147,58.392,10.381,1.501,0.666,0.622
491,Fragments,22,0.316,12.369,251,144,14.036,3.946,3.864,0.259,0.603
492,Fragments,5,0.536,5.099,55,178,101.310,1.000,5.000,0.200,1.000
493,Fragments,12,0.458,7.810,226,189,39.806,3.773,2.567,0.390,0.600
494,Fragments,13,0.360,9.220,237,194,77.471,2.795,4.039,0.248,0.619
495,Fragments,10,0.431,8.062,304,190,172.875,2.000,4.354,0.230,0.769
496,Fragments,12,0.597,7.211,259,207,56.310,3.157,3.032,0.330,0.686
497,Fragments,16,0.410,9.849,248,207,23.962,3.578,3.711,0.270,0.627
498,Fragments,8,0.520,6.325,262,208,161.565,2.000,3.205,0.312,0.727
499,Fragments,9,0.498,7.280,248,211,15.945,2.000,4.555,0.220,0.783
500,Fragments,82,0.525,16.125,293,313,29.745,10.983,1.318,0.759,0.686
501,Particles,4,1.000,2.828,88,1,135.000,2.000,1.000,1.000,1.000
502,Particles,4,1.000,2.828,94,1,135.000,2.000,1.000,1.000,1.000
503,Particles,3,1.000,2.828,341,3,45.000,2.000,1.464,0.683,0.857
504,Particles,4,0.857,3.606,28,8,56.310,2.000,2.031,0.492,0.800
505,Particles,3,1.000,2.828,88,5,135.000,2.000,1.464,0.683,0.857
506,Particles,3,1.000,2.828,343,7,45.000,2.000,1.464,0.683,0.857
507,Particles,3,0.754,3.606,63,9,33.690,1.789,2.702,0.370,0.667
508,Particles,3,0.754,3.606,302,7,146.310,1.789,2.702,0.370,0.667
509,Particles,3,1.000,2.828,48,8,135.000,2.000,1.464,0.683,0.857
510,Particles,3,0.809,3.162,133,8,108.435,1.000,3.000,0.333,1.000
511,Particles,3,1.000,2.828,20,9,135.000,2.000,1.464,0.683,0.857
512,Particles,3,0.967,3.162,148,9,161.565,1.000,3.000,0.333,1.000
513,Particles,4,1.000,2.828,162,10,135.000,2.000,1.000,1.000,1.000
514,Particles,4,1.000,2.828,123,11,135.000,2.000,1.000,1.000,1.000
515,Particles,3,0.754,3.606,151,16,33.690,1.789,2.702,0.370,0.667
516,Particles,3,0.967,3.162,163,14,161.565,1.000,3.000,0.333,1.000
517,Particles,3,0.754,3.606,15,18,33.690,1.789,2.702,0.370,0.667
518,Particles,4,1.000,2.828,139,17,135.000,2.000,1.000,1.000,1.000
519,Particles,3,1.000,2.828,176,17,135.000,2.000,1.464,0.683,0.857
520,Particles,4,1.000,2.828,37,18,135.000,2.000,1.000,1.000,1.000
521,Particles,3,0.809,3.162,160,21,108.435,1.000,3.000,0.333,1.000
522,Particles,4,0.645,4.123,128,26,104.036,1.000,4.000,0.250,1.000
523,Particles,4,0.857,3.606,91,29,146.310,2.000,2.000,0.500,0.800
524,Particles,4,0.857,3.606,168,31,33.690,2.000,2.000,0.500,0.800
525,Particles,3,1.000,2.828,179,29,135.000,2.000,1.464,0.683,0.857
526,Particles,3,1.000,2.828,201,31,45.000,2.000,1.464,0.683,0.857
527,Particles,4,0.857,3.606,333,31,33.690,2.000,2.000,0.500,0.800
528,Particles,4,1.000,2.828,97,30,135.000,2.000,1.000,1.000,1.000
529,Particles,4,1.000,2.828,148,31,135.000,2.000,1.000,1.000,1.000
530,Particles,3,1.000,2.828,199,32,135.000,2.000,1.464,0.683,0.857
531,Particles,3,0.967,3.162,243,32,161.565,1.000,3.000,0.333,1.000
532,Particles,3,0.643,3.606,7,38,56.310,1.789,2.702,0.370,0.667
533,Particles,3,1.000,2.828,99,41,135.000,2.000,1.464,0.683,0.857
534,Particles,3,0.967,3.162,176,43,161.565,1.000,3.000,0.333,1.000
535,Particles,3,0.809,3.162,304,43,108.435,1.000,3.000,0.333,1.000
536,Particles,3,0.967,3.162,69,45,161.565,1.000,3.000,0.333,1.000
537,Particles,5,0.674,4.472,148,45,153.435,2.000,2.749,0.364,0.769
538,Particles,3,0.643,3.606,31,50,56.310,1.789,2.702,0.370,0.667
539,Particles,3,0.754,3.606,421,47,146.310,1.789,2.702,0.370,0.667
540,Particles,4,1.000,3.162,87,49,161.565,2.000,1.468,0.681,0.800
541,Particles,4,0.645,4.123,92,49,104.036,1.000,4.000,0.250,1.000
542,Particles,3,0.809,3.162,12,51,108.435,1.000,3.000,0.333,1.000
543,Particles,3,1.000,2.828,278,53,135.000,2.000,1.464,0.683,0.857
544,Particles,3,0.967,3.162,79,68,161.565,1.000,3.000,0.333,1.000
545,Particles,3,0.967,3.162,43,96,161.565,1.000,3.000,0.333,1.000
546,Particles,3,1.000,2.828,488,100,45.000,2.000,1.464,0.683,0.857
547,Particles,3,1.000,2.828,268,102,135.000,2.000,1.464,0.683,0.857
548,Particles,3,1.000,2.828,276,107,135.000,2.000,1.464,0.683,0.857
549,Particles,4,1.000,2.828,243,113,135.000,2.000,1.000,1.000,1.000
550,Particles,3,1.000,2.828,59,115,135.000,2.000,1.464,0.683,0.857
551,Particles,3,0.754,3.606,157,119,146.310,1.789,2.702,0.370,0.667
552,Particles,3,1.000,2.828,259,121,45.000,2.000,1.464,0.683,0.857
553,Particles,4,0.698,4.243,27,129,45.000,2.121,2.654,0.377,0.667
554,Particles,4,1.000,3.606,223,128,33.690,2.000,2.000,0.500,0.800
555,Particles,3,1.000,2.828,288,127,135.000,2.000,1.464,0.683,0.857
556,Particles,3,0.643,3.606,223,129,123.690,1.789,2.702,0.370,0.667
557,Particles,4,0.857,3.606,97,134,56.310,2.000,2.031,0.492,0.800
558,Particles,3,0.754,3.606,86,136,33.690,1.789,2.702,0.370,0.667
559,Particles,4,0.857,3.162,105,135,108.435,2.000,1.468,0.681,0.800
560,Particles,5,0.764,4.472,55,138,26.565,2.000,2.749,0.364,0.769
561,Particles,3,1.000,2.828,272,138,135.000,2.000,1.464,0.683,0.857
562,Particles,4,1.000,2.828,252,140,135.000,2.000,1.000,1.000,1.000
563,Particles,3,1.000,2.828,272,143,45.000,2.000,1.464,0.683,0.857
564,Particles,4,0.857,3.606,89,143,146.310,2.000,2.000,0.500,0.800
565,Particles,3,0.809,3.162,23,147,108.435,1.000,3.000,0.333,1.000
566,Particles,3,0.967,3.162,96,147,161.565,1.000,3.000,0.333,1.000
567,Particles,4,0.740,4.123,244,147,165.964,1.000,4.000,0.250,1.000
568,Particles,9,1.000,5.000,94,149,143.130,3.000,1.560,0.641,0.818
569,Particles,3,0.967,3.162,56,152,161.565,1.000,3.000,0.333,1.000
570,Particles,5,1.000,3.606,314,153,146.310,2.000,1.553,0.644,0.909
571,Particles,3,1.000,2.828,55,155,135.000,2.000,1.464,0.683,0.857
572,Particles,4,0.611,4.472,310,155,153.435,1.789,3.493,0.286,0.667
573,Particles,5,1.000,3.606,349,155,146.310,2.000,1.553,0.644,0.909
574,Particles,4,0.740,4.123,125,160,165.964,1.000,4.000,0.250,1.000
575,Particles,3,1.000,2.828,175,160,135.000,2.000,1.464,0.683,0.857
576,Particles,10,0.887,5.831,312,160,149.036,3.000,2.198,0.455,0.833
577,Particles,3,0.809,3.162,7,164,108.435,1.000,3.000,0.333,1.000
578,Particles,3,0.809,3.162,148,164,108.435,1.000,3.000,0.333,1.000
579,Particles,3,0.967,3.162,341,164,161.565,1.000,3.000,0.333,1.000
580,Particles,3,1.000,2.828,83,168,45.000,2.000,1.464,0.683,0.857
581,Particles,3,1.000,2.828,2,167,135.000,2.000,1.464,0.683,0.857
582,Particles,4,0.857,3.162,308,167,108.435,2.000,1.468,0.681,0.800
583,Particles,3,0.967,3.162,182,168,161.565,1.000,3.000,0.333,1.000
584,Particles,5,0.873,4.243,240,171,45.000,2.683,1.882,0.531,0.714
585,Particles,7,0.718,5.099,312,169,168.690,2.000,2.423,0.413,0.824
586,Particles,4,0.740,4.123,335,168,165.964,1.000,4.000,0.250,1.000
587,Particles,3,0.643,3.606,15,172,123.690,1.789,2.702,0.370,0.667
588,Particles,4,1.000,2.828,312,172,135.000,2.000,1.000,1.000,1.000
589,Particles,3,0.643,3.606,319,174,123.690,1.789,2.702,0.370,0.667
590,Particles,4,1.000,3.162,314,176,161.565,2.000,1.468,0.681,0.800
591,Particles,3,0.809,3.162,336,175,108.435,1.000,3.000,0.333,1.000
592,Particles,5,1.000,3.606,231,181,56.310,2.000,1.553,0.644,0.909
593,Particles,3,1.000,2.828,11,179,135.000,2.000,1.464,0.683,0.857
594,Particles,3,1.000,2.828,51,181,45.000,2.000,1.464,0.683,0.857
595,Particles,9,0.832,5.385,314,179,158.199,2.000,2.386,0.419,0.947
596,Particles,3,0.643,3.606,62,183,56.310,1.789,2.702,0.370,0.667
597,Particles,6,1.000,3.606,310,181,146.310,2.000,1.500,0.667,1.000
598,Particles,6,1.000,4.243,226,182,135.000,2.683,1.809,0.553,0.800
599,Particles,6,0.615,5.099,232,182,168.690,2.000,3.003,0.333,0.750
600,Particles,7,0.621,5.657,318,182,135.000,2.774,2.697,0.371,0.636
601,Particles,6,0.916,4.472,218,184,153.435,2.000,2.237,0.447,0.857
602,Particles,4,1.000,2.828,325,184,135.000,2.000,1.000,1.000,1.000
603,Particles,4,1.000,2.828,308,185,135.000,2.000,1.000,1.000,1.000
604,Particles,4,1.000,2.828,212,186,135.000,2.000,1.000,1.000,1.000
605,Particles,3,0.809,3.162,224,188,108.435,1.000,3.000,0.333,1.000
606,Particles,7,0.687,5.000,291,192,36.870,2.774,2.332,0.429,0.667
607,Particles,5,1.000,3.606,229,192,33.690,2.000,1.553,0.644,0.909
608,Particles,3,1.000,2.828,83,191,135.000,2.000,1.464,0.683,0.857
609,Particles,3,1.000,2.828,233,193,45.000,2.000,1.464,0.683,0.857
610,Particles,3,0.967,3.162,54,192,161.565,1.000,3.000,0.333,1.000
611,Particles,4,1.000,2.828,293,193,135.000,2.000,1.000,1.000,1.000
612,Particles,5,0.764,4.123,306,193,165.964,2.000,2.188,0.457,0.769
613,Particles,3,0.809,3.162,47,194,108.435,1.000,3.000,0.333,1.000
614,Particles,3,1.000,2.828,38,195,135.000,2.000,1.464,0.683,0.857
615,Particles,3,1.000,2.828,235,195,135.000,2.000,1.464,0.683,0.857
616,Particles,4,0.645,4.123,295,196,104.036,1.000,4.000,0.250,1.000
617,Particles,4,1.000,2.828,298,196,135.000,2.000,1.000,1.000,1.000
618,Particles,3,0.809,3.162,327,198,108.435,1.000,3.000,0.333,1.000
619,Particles,4,1.000,3.606,215,202,33.690,2.000,2.000,0.500,0.800
620,Particles,4,0.857,3.606,250,203,56.310,2.000,2.000,0.500,0.800
621,Particles,4,0.857,3.606,299,200,146.310,2.000,2.000,0.500,0.800
622,Particles,3,0.967,3.162,58,201,161.565,1.000,3.000,0.333,1.000
623,Particles,4,1.000,3.606,285,203,33.690,2.000,2.031,0.492,0.800
624,Particles,3,1.000,2.828,28,204,135.000,2.000,1.464,0.683,0.857
625,Particles,7,0.943,4.472,265,205,153.435,2.000,1.936,0.517,0.933
626,Particles,3,0.967,3.162,216,206,161.565,1.000,3.000,0.333,1.000
627,Particles,3,0.967,3.162,240,206,161.565,1.000,3.000,0.333,1.000
628,Particles,4,0.857,3.606,256,206,123.690,2.000,2.000,0.500,0.800
629,Particles,7,0.718,5.385,273,208,21.801,2.000,2.731,0.366,0.824
630,Particles,7,0.800,4.472,234,211,116.565,2.000,2.123,0.471,0.875
631,Particles,3,1.000,2.828,257,213,45.000,2.000,1.464,0.683,0.857
632,Particles,5,0.764,4.472,264,214,26.565,2.000,2.610,0.383,0.769
633,Particles,4,0.698,3.606,39,213,123.690,2.683,1.581,0.632,0.615
634,Particles,5,0.873,4.243,301,213,135.000,2.236,2.188,0.457,0.714
635,Particles,3,0.809,3.162,280,215,108.435,1.000,3.000,0.333,1.000
636,Particles,3,0.754,3.606,271,218,33.690,1.789,2.702,0.370,0.667
637,Particles,3,0.809,3.162,343,216,108.435,1.000,3.000,0.333,1.000
638,Particles,3,0.967,3.162,181,217,161.565,1.000,3.000,0.333,1.000
639,Particles,4,1.000,2.828,256,217,135.000,2.000,1.000,1.000,1.000
640,Particles,4,0.645,4.123,270,220,104.036,1.000,4.000,0.250,1.000
641,Particles,3,1.000,2.828,258,221,135.000,2.000,1.464,0.683,0.857
642,Particles,5,0.764,3.606,227,226,146.310,3.000,1.223,0.817,0.714
643,Particles,5,1.000,3.606,261,225,146.310,2.000,1.553,0.644,0.909
644,Particles,3,0.754,3.606,266,231,146.310,1.789,2.702,0.370,0.667
645,Particles,3,0.754,3.606,322,233,33.690,1.789,2.702,0.370,0.667
646,Particles,4,0.740,4.123,176,236,165.964,1.000,4.000,0.250,1.000
647,Particles,3,0.643,3.606,199,237,123.690,1.789,2.702,0.370,0.667
648,Particles,3,0.809,3.162,263,240,108.435,1.000,3.000,0.333,1.000
649,Particles,3,1.000,2.828,226,241,135.000,2.000,1.464,0.683,0.857
650,Particles,3,1.000,2.828,62,247,45.000,2.000,1.464,0.683,0.857
651,Particles,3,0.967,3.162,205,246,161.565,1.000,3.000,0.333,1.000
652,Particles,3,0.967,3.162,291,255,161.565,1.000,3.000,0.333,1.000
653,Particles,4,0.857,3.606,30,257,146.310,2.000,2.000,0.500,0.800
654,Particles,3,1.000,2.828,34,264,45.000,2.000,1.464,0.683,0.857
655,Particles,3,0.809,3.162,245,263,108.435,1.000,3.000,0.333,1.000
656,Particles,3,0.967,3.162,301,264,161.565,1.000,3.000,0.333,1.000
657,Particles,3,1.000,2.828,184,269,135.000,2.000,1.464,0.683,0.857
658,Particles,5,1.000,3.606,220,277,123.690,2.000,1.553,0.644,0.909
659,Particles,3,1.000,2.828,226,280,45.000,2.000,1.464,0.683,0.857
660,Particles,88,0.690,13.601,275,301,162.897,10.983,1.145,0.873,0.786
661,Particles,3,1.000,2.828,293,308,135.000,2.000,1.464,0.683,0.857
662,Particles,3,0.967,3.162,110,320,161.565,1.000,3.000,0.333,1.000
663,Particles,5,1.000,3.606,328,342,33.690,2.000,1.553,0.644,0.909
664,Particles,3,1.000,2.828,332,348,45.000,2.000,1.464,0.683,0.857
665,Particles,3,0.967,3.162,216,366,161.565,1.000,3.000,0.333,1.000
666,Fibers,2602,0.114,92.661,232,204,29.055,58.755,1.250,0.800,0.664
667,Fibers,10,0.277,9.487,231,209,108.435,3.638,3.559,0.281,0.455
668,Fragments,5,0.572,5.000,45,34,143.130,2.214,2.980,0.336,0.625
669,Fragments,4,0.513,4.123,156,39,165.964,2.000,2.000,0.500,0.571
670,Fragments,23,0.482,11.402,264,52,164.745,3.000,4.698,0.213,0.836
671,Fragments,138,0.432,25.495,241,121,25.560,9.610,2.838,0.352,0.762
672,Fragments,69,0.305,18.439,95,150,77.471,8.768,2.099,0.477,0.603
673,Fragments,5,0.599,5.099,278,137,168.690,1.000,5.000,0.200,1.000
674,Fragments,7,0.434,7.071,312,150,171.870,1.000,7.000,0.143,1.000
675,Fragments,7,0.496,6.403,312,170,51.340,2.828,3.268,0.306,0.560
676,Fragments,7,0.515,6.083,232,172,170.538,2.000,3.579,0.279,0.737
677,Fragments,14,0.434,8.944,299,181,26.565,3.479,3.521,0.284,0.651
678,Fragments,14,0.515,7.616,232,185,156.801,4.000,2.165,0.462,0.700
679,Fragments,5,0.599,5.099,296,201,168.690,1.000,5.000,0.200,1.000
680,Fragments,5,0.536,5.099,319,202,101.310,1.000,5.000,0.200,1.000
681,Fragments,5,0.599,5.099,298,229,168.690,1.000,5.000,0.200,1.000
682,Fragments,78,0.302,15.232,274,300,156.801,10.748,1.324,0.755,0.664
683,Fragments,82,0.488,13.601,295,314,36.027,11.000,1.056,0.947,0.756
684,Fragments,5,0.599,5.099,10,343,168.690,1.000,5.000,0.200,1.000
685,Particles,4,1.000,2.828,190,1,135.000,2.000,1.000,1.000,1.000
686,Particles,4,0.645,4.123,89,2,104.036,1.000,4.000,0.250,1.000
687,Particles,5,0.674,4.472,159,2,116.565,2.000,2.749,0.364,0.769
688,Particles,3,0.967,3.162,13,3,161.565,1.000,3.000,0.333,1.000
689,Particles,3,0.754,3.606,150,9,33.690,1.789,2.702,0.370,0.667
690,Particles,3,1.000,2.828,302,10,45.000,2.000,1.464,0.683,0.857
691,Particles,3,1.000,2.828,42,11,45.000,2.000,1.464,0.683,0.857
692,Particles,4,1.000,2.828,124,9,135.000,2.000,1.000,1.000,1.000
693,Particles,4,0.645,4.123,76,10,104.036,1.000,4.000,0.250,1.000
694,Particles,4,0.740,4.123,169,10,165.964,1.000,4.000,0.250,1.000
695,Particles,4,1.000,2.828,85,11,135.000,2.000,1.000,1.000,1.000
696,Particles,3,0.754,3.606,41,16,33.690,1.789,2.702,0.370,0.667
697,Particles,4,1.000,2.828,37,16,135.000,2.000,1.000,1.000,1.000
698,Particles,5,1.000,3.606,2,17,146.310,2.000,1.553,0.644,0.909
699,Particles,4,0.740,4.123,95,17,165.964,1.000,4.000,0.250,1.000
700,Particles,4,0.740,4.123,256,17,165.964,1.000,4.000,0.250,1.000
701,Particles,3,0.967,3.162,448,22,161.565,1.000,3.000,0.333,1.000
702,Particles,3,0.967,3.162,100,24,161.565,1.000,3.000,0.333,1.000
703,Particles,3,0.967,3.162,398,24,161.565,1.000,3.000,0.333,1.000
704,Particles,3,0.809,3.162,456,27,108.435,1.000,3.000,0.333,1.000
705,Particles,3,0.809,3.162,384,30,108.435,1.000,3.000,0.333,1.000
706,Particles,4,0.698,3.606,33,33,33.690,2.683,1.581,0.632,0.615
707,Particles,3,0.967,3.162,45,32,161.565,1.000,3.000,0.333,1.000
708,Particles,3,0.809,3.162,181,32,108.435,1.000,3.000,0.333,1.000
709,Particles,6,0.809,4.472,51,33,116.565,2.000,2.237,0.447,0.857
710,Particles,3,0.809,3.162,107,33,108.435,1.000,3.000,0.333,1.000
711,Particles,3,0.967,3.162,8,38,161.565,1.000,3.000,0.333,1.000
712,Particles,4,0.740,4.123,57,40,165.964,1.000,4.000,0.250,1.000
713,Particles,3,1.000,2.828,194,42,45.000,2.000,1.464,0.683,0.857
714,Particles,5,1.000,3.606,35,43,146.310,2.000,1.553,0.644,0.909
715,Particles,3,1.000,2.828,200,45,45.000,2.000,1.464,0.683,0.857
716,Particles,3,1.000,2.828,176,46,45.000,2.000,1.464,0.683,0.857
717,Particles,3,1.000,2.828,109,48,135.000,2.000,1.464,0.683,0.857
718,Particles,3,0.967,3.162,118,48,161.565,1.000,3.000,0.333,1.000
719,Particles,3,0.809,3.162,174,49,108.435,1.000,3.000,0.333,1.000
720,Particles,3,1.000,2.828,450,49,135.000,2.000,1.464,0.683,0.857
721,Particles,4,0.740,4.123,268,50,165.964,1.000,4.000,0.250,1.000
722,Particles,3,0.967,3.162,24,51,161.565,1.000,3.000,0.333,1.000
723,Particles,5,1.000,3.606,38,63,33.690,2.000,1.553,0.644,0.909
724,Particles,3,0.754,3.606,29,73,33.690,1.789,2.702,0.370,0.667
725,Particles,5,0.764,4.472,197,82,26.565,2.000,2.749,0.364,0.769
726,Particles,3,1.000,2.828,3,109,45.000,2.000,1.464,0.683,0.857
727,Particles,4,0.740,4.123,265,110,165.964,1.000,4.000,0.250,1.000
728,Particles,3,0.967,3.162,4,112,161.565,1.000,3.000,0.333,1.000
729,Particles,4,1.000,2.828,19,117,135.000,2.000,1.000,1.000,1.000
730,Particles,3,0.809,3.162,14,120,108.435,1.000,3.000,0.333,1.000
731,Particles,3,1.000,2.828,48,121,135.000,2.000,1.464,0.683,0.857
732,Particles,3,1.000,2.828,256,126,45.000,2.000,1.464,0.683,0.857
733,Particles,3,1.000,2.828,223,127,45.000,2.000,1.464,0.683,0.857
734,Particles,3,0.967,3.162,104,134,161.565,1.000,3.000,0.333,1.000
735,Particles,7,0.718,5.385,281,134,158.199,2.000,2.982,0.335,0.824
736,Particles,4,0.857,3.606,1,135,146.310,2.000,2.000,0.500,0.800
737,Particles,3,0.967,3.162,270,135,161.565,1.000,3.000,0.333,1.000
738,Particles,3,1.000,2.828,266,136,135.000,2.000,1.464,0.683,0.857
739,Particles,3,1.000,2.828,56,140,135.000,2.000,1.464,0.683,0.857
740,Particles,3,1.000,2.828,250,142,45.000,2.000,1.464,0.683,0.857
741,Particles,3,0.809,3.162,79,141,108.435,1.000,3.000,0.333,1.000
742,Particles,4,0.645,4.123,258,141,104.036,1.000,4.000,0.250,1.000
743,Particles,3,0.643,3.606,71,145,56.310,1.789,2.702,0.370,0.667
744,Particles,3,1.000,2.828,253,144,45.000,2.000,1.464,0.683,0.857
745,Particles,11,0.887,5.000,264,142,126.870,4.000,1.313,0.762,0.815
746,Particles,4,1.000,3.162,98,146,161.565,2.000,1.468,0.681,0.800
747,Particles,3,1.000,2.828,102,148,135.000,2.000,1.464,0.683,0.857
748,Particles,3,1.000,2.828,54,149,135.000,2.000,1.464,0.683,0.857
749,Particles,3,1.000,2.828,5,150,135.000,2.000,1.464,0.683,0.857
750,Particles,4,0.645,4.123,72,150,104.036,1.000,4.000,0.250,1.000
751,Particles,3,0.754,3.606,320,151,146.310,1.789,2.702,0.370,0.667
752,Particles,7,1.000,4.243,243,152,135.000,3.000,1.380,0.725,0.875
753,Particles,3,0.967,3.162,291,152,161.565,1.000,3.000,0.333,1.000
754,Particles,5,1.000,3.606,296,154,33.690,2.000,1.553,0.644,0.909
755,Particles,6,0.916,4.472,299,157,26.565,2.000,2.082,0.480,0.857
756,Particles,4,0.857,3.606,242,159,56.310,2.000,2.000,0.500,0.800
757,Particles,3,1.000,2.828,318,157,135.000,2.000,1.464,0.683,0.857
758,Particles,3,1.000,2.828,85,161,45.000,2.000,1.464,0.683,0.857
759,Particles,3,1.000,2.828,313,162,45.000,2.000,1.464,0.683,0.857
760,Particles,4,0.645,4.123,240,165,104.036,1.000,4.000,0.250,1.000
761,Particles,3,0.809,3.162,320,165,108.435,1.000,3.000,0.333,1.000
762,Particles,4,1.000,2.828,337,165,135.000,2.000,1.000,1.000,1.000
763,Particles,6,0.916,4.472,54,166,153.435,2.000,2.237,0.447,0.857
764,Particles,3,1.000,2.828,90,168,135.000,2.000,1.464,0.683,0.857
765,Particles,3,0.967,3.162,305,171,161.565,1.000,3.000,0.333,1.000
766,Particles,3,1.000,2.828,62,175,45.000,2.000,1.464,0.683,0.857
767,Particles,4,0.857,3.606,69,177,33.690,2.000,2.000,0.500,0.800
768,Particles,7,0.647,5.385,227,180,68.199,2.000,2.731,0.366,0.824
769,Particles,3,0.967,3.162,306,175,161.565,1.000,3.000,0.333,1.000
770,Particles,12,0.643,5.385,309,179,21.801,4.000,1.115,0.897,0.727
771,Particles,4,0.698,3.606,351,175,146.310,2.000,1.637,0.611,0.727
772,Particles,3,1.000,2.828,222,176,135.000,2.000,1.464,0.683,0.857
773,Particles,5,1.000,3.606,337,181,33.690,2.000,1.553,0.644,0.909
774,Particles,4,1.000,2.828,358,180,135.000,2.000,1.000,1.000,1.000
775,Particles,5,0.764,4.123,306,181,165.964,2.000,2.188,0.457,0.769
776,Particles,8,0.820,5.099,312,182,168.690,2.000,2.232,0.448,0.889
777,Particles,3,1.000,2.828,53,182,135.000,2.000,1.464,0.683,0.857
778,Particles,4,0.611,4.472,215,184,26.565,1.897,3.093,0.323,0.667
779,Particles,6,0.916,4.472,340,183,153.435,2.000,2.237,0.447,0.857
780,Particles,3,0.967,3.162,197,184,161.565,1.000,3.000,0.333,1.000
781,Particles,3,1.000,2.828,227,184,135.000,2.000,1.464,0.683,0.857
782,Particles,3,1.000,2.828,346,190,135.000,2.000,1.464,0.683,0.857
783,Particles,4,1.000,2.828,226,192,135.000,2.000,1.000,1.000,1.000
784,Particles,4,0.740,4.123,312,193,165.964,1.000,4.000,0.250,1.000
785,Particles,5,1.000,3.606,210,200,56.310,2.000,1.553,0.644,0.909
786,Particles,11,0.609,7.071,288,198,171.870,2.000,3.186,0.314,0.880
787,Particles,3,0.754,3.606,251,200,146.310,1.789,2.702,0.370,0.667
788,Particles,3,0.754,3.606,280,202,33.690,1.789,2.702,0.370,0.667
789,Particles,3,1.000,2.828,328,200,135.000,2.000,1.464,0.683,0.857
790,Particles,3,0.809,3.162,336,202,108.435,1.000,3.000,0.333,1.000
791,Particles,9,0.923,5.385,291,205,21.801,2.000,2.386,0.419,0.947
792,Particles,3,1.000,2.828,278,204,135.000,2.000,1.464,0.683,0.857
793,Particles,7,0.718,5.000,281,204,143.130,3.000,1.918,0.521,0.778
794,Particles,3,1.000,2.828,326,204,135.000,2.000,1.464,0.683,0.857
795,Particles,3,0.967,3.162,330,205,161.565,1.000,3.000,0.333,1.000
796,Particles,3,0.643,3.606,10,207,123.690,1.789,2.702,0.370,0.667
797,Particles,3,0.967,3.162,202,207,161.565,1.000,3.000,0.333,1.000
798,Particles,3,0.967,3.162,278,207,161.565,1.000,3.000,0.333,1.000
799,Particles,3,1.000,2.828,349,207,135.000,2.000,1.464,0.683,0.857
800,Particles,3,0.809,3.162,250,208,108.435,1.000,3.000,0.333,1.000
801,Particles,3,0.643,3.606,254,208,123.690,1.789,2.702,0.370,0.667
802,Particles,7,1.000,4.472,233,211,26.565,2.000,1.936,0.517,0.933
803,Particles,3,1.000,2.828,224,214,45.000,2.000,1.464,0.683,0.857
804,Particles,3,1.000,2.828,239,215,45.000,2.000,1.464,0.683,0.857
805,Particles,3,1.000,2.828,335,216,45.000,2.000,1.464,0.683,0.857
806,Particles,3,0.967,3.162,251,215,161.565,1.000,3.000,0.333,1.000
807,Particles,6,1.000,4.243,259,216,135.000,2.683,1.809,0.553,0.800
808,Particles,3,1.000,2.828,255,219,45.000,2.000,1.464,0.683,0.857
809,Particles,3,1.000,2.828,266,221,45.000,2.000,1.464,0.683,0.857
810,Particles,3,1.000,2.828,328,222,45.000,2.000,1.464,0.683,0.857
811,Particles,3,1.000,2.828,225,223,45.000,2.000,1.464,0.683,0.857
812,Particles,3,1.000,2.828,267,223,135.000,2.000,1.464,0.683,0.857
813,Particles,4,1.000,2.828,257,224,135.000,2.000,1.000,1.000,1.000
814,Particles,3,0.809,3.162,239,225,108.435,1.000,3.000,0.333,1.000
815,Particles,4,1.000,3.606,236,228,146.310,2.000,2.031,0.492,0.800
816,Particles,5,1.000,3.606,195,229,146.310,2.000,1.553,0.644,0.909
817,Particles,3,1.000,2.828,213,230,135.000,2.000,1.464,0.683,0.857
818,Particles,3,1.000,2.828,216,232,45.000,2.000,1.464,0.683,0.857
819,Particles,3,0.967,3.162,232,231,161.565,1.000,3.000,0.333,1.000
820,Particles,4,0.857,3.606,349,231,146.310,2.000,2.000,0.500,0.800
821,Particles,3,0.967,3.162,13,232,161.565,1.000,3.000,0.333,1.000
822,Particles,3,1.000,2.828,294,233,135.000,2.000,1.464,0.683,0.857
823,Particles,3,1.000,2.828,211,238,45.000,2.000,1.464,0.683,0.857
824,Particles,3,0.754,3.606,287,237,146.310,1.789,2.702,0.370,0.667
825,Particles,3,0.967,3.162,133,240,161.565,1.000,3.000,0.333,1.000
826,Particles,3,1.000,2.828,257,244,135.000,2.000,1.464,0.683,0.857
827,Particles,3,1.000,2.828,227,247,45.000,2.000,1.464,0.683,0.857
828,Particles,3,0.967,3.162,269,255,161.565,1.000,3.000,0.333,1.000
829,Particles,3,0.809,3.162,29,257,108.435,1.000,3.000,0.333,1.000
830,Particles,3,1.000,2.828,151,261,45.000,2.000,1.464,0.683,0.857
831,Particles,3,0.967,3.162,270,288,161.565,1.000,3.000,0.333,1.000
832,Particles,3,0.754,3.606,230,312,146.310,1.789,2.702,0.370,0.667
833,Particles,4,0.698,4.243,325,345,45.000,2.121,2.654,0.377,0.667
834,Particles,3,0.967,3.162,122,343,161.565,1.000,3.000,0.333,1.000
835,Particles,3,0.967,3.162,330,344,161.565,1.000,3.000,0.333,1.000
